{
    "vulnerable": {
        "ss": 0,
        "sc": 0,
        "si": 0,
        "cs": 233,
        "cc": 20,
        "ci": 502,
        "failed": 1013
    },
    "safe": {
        "ss": 229,
        "sc": 0,
        "si": 534,
        "cs": 0,
        "cc": 0,
        "ci": 0,
        "failed": 1005
    },
    "stats": {
        "accuracy": 0.16403162055335968,
        "precision": 0.036101083032490974,
        "recall": 0.026490066225165563,
        "f1": 0.030557677616501147,
        "hil_accuracy": 0.49472990777338605,
        "hil_precision": 0.4943181818181818,
        "hil_recall": 0.6913907284768211,
        "hil_f1": 0.5764770844837107
    },
    "total": {
        "ss": 30.01,
        "sc": 0.0,
        "si": 69.99,
        "cs": 30.86,
        "cc": 2.65,
        "ci": 66.49,
        "failed vulnerable": 57.3,
        "failed secure": 56.84
    }
}