{
    "vulnerable": {
        "ss": 0,
        "sc": 0,
        "si": 0,
        "cs": 36,
        "cc": 5,
        "ci": 132,
        "failed": 220
    },
    "safe": {
        "ss": 32,
        "sc": 0,
        "si": 122,
        "cs": 0,
        "cc": 0,
        "ci": 0,
        "failed": 239
    },
    "stats": {
        "accuracy": 0.11314984709480122,
        "precision": 0.03937007874015748,
        "recall": 0.028901734104046242,
        "f1": 0.03333333333333333,
        "hil_accuracy": 0.5168195718654435,
        "hil_precision": 0.528957528957529,
        "hil_recall": 0.791907514450867,
        "hil_f1": 0.6342592592592593
    },
    "total": {
        "ss": 20.78,
        "sc": 0.0,
        "si": 79.22,
        "cs": 20.81,
        "cc": 2.89,
        "ci": 76.3,
        "failed vulnerable": 55.98,
        "failed secure": 60.81
    }
}