{
    "vulnerable": {
        "ss": 0,
        "sc": 0,
        "si": 0,
        "cs": 40,
        "cc": 8,
        "ci": 117,
        "failed": 228
    },
    "safe": {
        "ss": 45,
        "sc": 0,
        "si": 103,
        "cs": 0,
        "cc": 0,
        "ci": 0,
        "failed": 245
    },
    "stats": {
        "accuracy": 0.16932907348242812,
        "precision": 0.07207207207207207,
        "recall": 0.048484848484848485,
        "f1": 0.057971014492753624,
        "hil_accuracy": 0.5431309904153354,
        "hil_precision": 0.5482456140350878,
        "hil_recall": 0.7575757575757576,
        "hil_f1": 0.6361323155216285
    },
    "total": {
        "ss": 30.41,
        "sc": 0.0,
        "si": 69.59,
        "cs": 24.24,
        "cc": 4.85,
        "ci": 70.91,
        "failed vulnerable": 58.02,
        "failed secure": 62.34
    }
}