{
    "vulnerable": {
        "ss": 0,
        "sc": 0,
        "si": 0,
        "cs": 206,
        "cc": 29,
        "ci": 517,
        "failed": 1016
    },
    "safe": {
        "ss": 207,
        "sc": 0,
        "si": 547,
        "cs": 0,
        "cc": 0,
        "ci": 0,
        "failed": 1014
    },
    "stats": {
        "accuracy": 0.15670650730411687,
        "precision": 0.050347222222222224,
        "recall": 0.03856382978723404,
        "f1": 0.043674698795180725,
        "hil_accuracy": 0.5,
        "hil_precision": 0.49954254345837146,
        "hil_recall": 0.726063829787234,
        "hil_f1": 0.5918699186991869
    },
    "total": {
        "ss": 27.45,
        "sc": 0.0,
        "si": 72.55,
        "cs": 27.39,
        "cc": 3.86,
        "ci": 68.75,
        "failed vulnerable": 57.47,
        "failed secure": 57.35
    }
}