{
    "vulnerable": {
        "ss": 0,
        "sc": 0,
        "si": 0,
        "cs": 93,
        "cc": 8,
        "ci": 140,
        "failed": 152
    },
    "safe": {
        "ss": 95,
        "sc": 0,
        "si": 151,
        "cs": 0,
        "cc": 0,
        "ci": 0,
        "failed": 147
    },
    "stats": {
        "accuracy": 0.21149897330595482,
        "precision": 0.050314465408805034,
        "recall": 0.03319502074688797,
        "f1": 0.04,
        "hil_accuracy": 0.4989733059548255,
        "hil_precision": 0.49498327759197325,
        "hil_recall": 0.6141078838174274,
        "hil_f1": 0.5481481481481482
    },
    "total": {
        "ss": 38.62,
        "sc": 0.0,
        "si": 61.38,
        "cs": 38.59,
        "cc": 3.32,
        "ci": 58.09,
        "failed vulnerable": 38.68,
        "failed secure": 37.4
    }
}