{
    "vulnerable": {
        "ss": 0,
        "sc": 0,
        "si": 0,
        "cs": 472,
        "cc": 44,
        "ci": 781,
        "failed": 471
    },
    "safe": {
        "ss": 473,
        "sc": 0,
        "si": 796,
        "cs": 0,
        "cc": 0,
        "ci": 0,
        "failed": 499
    },
    "stats": {
        "accuracy": 0.2014809041309431,
        "precision": 0.05238095238095238,
        "recall": 0.03392444101773323,
        "f1": 0.04117922321010763,
        "hil_accuracy": 0.5058456742010912,
        "hil_precision": 0.5089450956199877,
        "hil_recall": 0.6360832690824981,
        "hil_f1": 0.5654557916381083
    },
    "total": {
        "ss": 37.27,
        "sc": 0.0,
        "si": 62.73,
        "cs": 36.39,
        "cc": 3.39,
        "ci": 60.22,
        "failed vulnerable": 26.64,
        "failed secure": 28.22
    }
}