{
    "vulnerable": {
        "ss": 0,
        "sc": 0,
        "si": 0,
        "cs": 440,
        "cc": 48,
        "ci": 755,
        "failed": 525
    },
    "safe": {
        "ss": 426,
        "sc": 0,
        "si": 798,
        "cs": 0,
        "cc": 0,
        "ci": 0,
        "failed": 544
    },
    "stats": {
        "accuracy": 0.1921361978111066,
        "precision": 0.05673758865248227,
        "recall": 0.038616251005631534,
        "f1": 0.0459550023934897,
        "hil_accuracy": 0.49817592217267936,
        "hil_precision": 0.5015615240474703,
        "hil_recall": 0.6460176991150443,
        "hil_f1": 0.5646976090014064
    },
    "total": {
        "ss": 34.8,
        "sc": 0.0,
        "si": 65.2,
        "cs": 35.4,
        "cc": 3.86,
        "ci": 60.74,
        "failed vulnerable": 29.69,
        "failed secure": 30.77
    }
}