{
    "vulnerable": {
        "ss": 0,
        "sc": 0,
        "si": 0,
        "cs": 70,
        "cc": 12,
        "ci": 154,
        "failed": 157
    },
    "safe": {
        "ss": 85,
        "sc": 0,
        "si": 153,
        "cs": 0,
        "cc": 0,
        "ci": 0,
        "failed": 155
    },
    "stats": {
        "accuracy": 0.20464135021097046,
        "precision": 0.07272727272727272,
        "recall": 0.05084745762711865,
        "f1": 0.05985037406483791,
        "hil_accuracy": 0.5295358649789029,
        "hil_precision": 0.5203761755485894,
        "hil_recall": 0.7033898305084746,
        "hil_f1": 0.5981981981981982
    },
    "total": {
        "ss": 35.71,
        "sc": 0.0,
        "si": 64.29,
        "cs": 29.66,
        "cc": 5.08,
        "ci": 65.25,
        "failed vulnerable": 39.95,
        "failed secure": 39.44
    }
}