{
    "rouge": {
        "rouge1": 0.1411764705882353,
        "rouge2": 0.07228915662650602,
        "rougeL": 0.1411764705882353
    },
    "cos_sim": 0.46175417304039,
    "gpt_eval": ""
}