{
    "vulnerable": {
        "ss": 0,
        "sc": 0,
        "si": 0,
        "cs": 2,
        "cc": 0,
        "ci": 7,
        "failed": 1759
    },
    "safe": {
        "ss": 5,
        "sc": 0,
        "si": 11,
        "cs": 0,
        "cc": 0,
        "ci": 0,
        "failed": 1752
    },
    "stats": {
        "accuracy": 0.2,
        "precision": 0.0,
        "recall": 0.0,
        "f1": 0,
        "hil_accuracy": 0.48,
        "hil_precision": 0.3888888888888889,
        "hil_recall": 0.7777777777777778,
        "hil_f1": 0.5185185185185185
    },
    "total": {
        "ss": 31.25,
        "sc": 0.0,
        "si": 68.75,
        "cs": 22.22,
        "cc": 0.0,
        "ci": 77.78,
        "failed vulnerable": 99.49,
        "failed secure": 99.1
    }
}