{
    "vulnerable": {
        "ss": 0,
        "sc": 0,
        "si": 0,
        "cs": 5,
        "cc": 1,
        "ci": 5,
        "failed": 1757
    },
    "safe": {
        "ss": 4,
        "sc": 0,
        "si": 9,
        "cs": 0,
        "cc": 0,
        "ci": 0,
        "failed": 1755
    },
    "stats": {
        "accuracy": 0.20833333333333334,
        "precision": 0.1,
        "recall": 0.09090909090909091,
        "f1": 0.09523809523809525,
        "hil_accuracy": 0.4166666666666667,
        "hil_precision": 0.4,
        "hil_recall": 0.5454545454545454,
        "hil_f1": 0.4615384615384615
    },
    "total": {
        "ss": 30.77,
        "sc": 0.0,
        "si": 69.23,
        "cs": 45.45,
        "cc": 9.09,
        "ci": 45.45,
        "failed vulnerable": 99.38,
        "failed secure": 99.26
    }
}