{
    "vulnerable": {
        "ss": 0,
        "sc": 0,
        "si": 0,
        "cs": 28,
        "cc": 108,
        "ci": 1388,
        "failed": 244
    },
    "safe": {
        "ss": 20,
        "sc": 0,
        "si": 1488,
        "cs": 0,
        "cc": 0,
        "ci": 0,
        "failed": 260
    },
    "stats": {
        "accuracy": 0.04221635883905013,
        "precision": 0.06766917293233082,
        "recall": 0.07086614173228346,
        "f1": 0.06923076923076923,
        "hil_accuracy": 0.5,
        "hil_precision": 0.5013404825737265,
        "hil_recall": 0.9816272965879265,
        "hil_f1": 0.6637089618456078
    },
    "total": {
        "ss": 1.33,
        "sc": 0.0,
        "si": 98.67,
        "cs": 1.84,
        "cc": 7.09,
        "ci": 91.08,
        "failed vulnerable": 13.8,
        "failed secure": 14.71
    }
}