{
    "vulnerable": {
        "ss": 0,
        "sc": 0,
        "si": 0,
        "cs": 4,
        "cc": 24,
        "ci": 294,
        "failed": 71
    },
    "safe": {
        "ss": 3,
        "sc": 0,
        "si": 313,
        "cs": 0,
        "cc": 0,
        "ci": 0,
        "failed": 77
    },
    "stats": {
        "accuracy": 0.04231974921630094,
        "precision": 0.0712166172106825,
        "recall": 0.07453416149068323,
        "f1": 0.07283763277693475,
        "hil_accuracy": 0.5031347962382445,
        "hil_precision": 0.5039619651347068,
        "hil_recall": 0.9875776397515528,
        "hil_f1": 0.6673662119622246
    },
    "total": {
        "ss": 0.95,
        "sc": 0.0,
        "si": 99.05,
        "cs": 1.24,
        "cc": 7.45,
        "ci": 91.3,
        "failed vulnerable": 18.07,
        "failed secure": 19.59
    }
}