{
    "vulnerable": {
        "ss": 0,
        "sc": 0,
        "si": 0,
        "cs": 24,
        "cc": 111,
        "ci": 1381,
        "failed": 252
    },
    "safe": {
        "ss": 22,
        "sc": 0,
        "si": 1494,
        "cs": 0,
        "cc": 0,
        "ci": 0,
        "failed": 252
    },
    "stats": {
        "accuracy": 0.04386543535620053,
        "precision": 0.0691588785046729,
        "recall": 0.07321899736147758,
        "f1": 0.07113104774110862,
        "hil_accuracy": 0.49934036939313986,
        "hil_precision": 0.4996651038178165,
        "hil_recall": 0.9841688654353562,
        "hil_f1": 0.6628165259884496
    },
    "total": {
        "ss": 1.45,
        "sc": 0.0,
        "si": 98.55,
        "cs": 1.58,
        "cc": 7.32,
        "ci": 91.09,
        "failed vulnerable": 14.25,
        "failed secure": 14.25
    }
}