{
    "vulnerable": {
        "ss": 0,
        "sc": 0,
        "si": 0,
        "cs": 12,
        "cc": 24,
        "ci": 289,
        "failed": 68
    },
    "safe": {
        "ss": 2,
        "sc": 0,
        "si": 307,
        "cs": 0,
        "cc": 0,
        "ci": 0,
        "failed": 84
    },
    "stats": {
        "accuracy": 0.04100946372239748,
        "precision": 0.07250755287009064,
        "recall": 0.07384615384615385,
        "f1": 0.07317073170731708,
        "hil_accuracy": 0.4968454258675079,
        "hil_precision": 0.5048387096774194,
        "hil_recall": 0.963076923076923,
        "hil_f1": 0.6624338624338625
    },
    "total": {
        "ss": 0.65,
        "sc": 0.0,
        "si": 99.35,
        "cs": 3.69,
        "cc": 7.38,
        "ci": 88.92,
        "failed vulnerable": 17.3,
        "failed secure": 21.37
    }
}