{
    "rouge": {
        "rouge1": 0.17846153846153848,
        "rouge2": 0.06811145510835913,
        "rougeL": 0.11692307692307692
    },
    "cos_sim": 0.4968925416469574,
    "gpt_eval": ""
}