{
    "rouge": {
        "rouge1": 0.1875,
        "rouge2": 0.021052631578947368,
        "rougeL": 0.10416666666666667
    },
    "cos_sim": 0.5770634412765503,
    "gpt_eval": "7"
}