{
    "rouge": {
        "rouge1": 0.18,
        "rouge2": 0.04026845637583893,
        "rougeL": 0.09333333333333332
    },
    "cos_sim": 0.7105653285980225,
    "gpt_eval": "9"
}