{
    "rouge": {
        "rouge1": 0.08436724565756823,
        "rouge2": 0.014962593516209478,
        "rougeL": 0.04962779156327543
    },
    "cos_sim": 0.466884970664978,
    "gpt_eval": ""
}