{
    "rouge": {
        "rouge1": 0.13005272407732865,
        "rouge2": 0.02821869488536155,
        "rougeL": 0.07029876977152899
    },
    "cos_sim": 0.5359971523284912,
    "gpt_eval": ""
}