{
    "rouge": {
        "rouge1": 0.13225058004640372,
        "rouge2": 0.046511627906976744,
        "rougeL": 0.07424593967517401
    },
    "cos_sim": 0.5458452701568604,
    "gpt_eval": ""
}